id,title
y-BE8iicBkg,Ep 1 — Arrival
QiuXqIuIRz4,Ep 2— The Chimes of Big Ben
dRJoMKAF0aU,Ep 3 — A B and C
HrvwGn8oPnw,Ep 4 — Free for All
QP7bDrjmEaU,Ep 5 — The Schizoid Man
cbx1wLRd3J8,Ep 6 — The General
SWOCgk0ZVYw,Ep 7 — Many Happy Returns
XZsxO2ptm8I,Ep 8 — Dance of the Dead
v_RcZt4QoL0,Ep 9 — Checkmate
eTRs8fox3dA,Ep 10 — Hammer into Anvil
hD8D42OYSDc,Ep 11 — Its Your Funeral
5cYpUiPDx2w,Ep 12 — A Change of Mind
yZKkGyA8aYw,Ep 13 — Do Not Forsake Me Oh My Darling
4U4xZkRc8o8,Ep 14 — Living in Harmony
_bDhpu-nxEg,Ep 15 — The Girl Who Was Death
6PFQ35FcLfk,Ep 16 — Once Upon a Time
WUoOeRYCcaE,Ep 17 — Fall Out
